minute	tickets	other	other_pct
2026-09-28 15:52:00.000	20	0	0.0
2026-09-28 15:53:00.000	60	3	5.0
2026-09-28 15:54:00.000	60	4	6.7
2026-09-28 15:55:00.000	60	4	6.7
2026-09-28 15:56:00.000	60	2	3.3
2026-09-28 15:57:00.000	60	1	1.7
2026-09-28 15:58:00.000	60	3	5.0
2026-09-28 15:59:00.000	60	9	15.0
2026-09-28 16:00:00.000	60	17	28.3
2026-09-28 16:01:00.000	60	14	23.3
2026-09-28 16:02:00.000	60	19	31.7
2026-09-28 16:03:00.000	60	21	35.0
2026-09-28 16:04:00.000	60	20	33.3
2026-09-28 16:05:00.000	60	32	53.3
2026-09-28 16:06:00.000	60	28	46.7
2026-09-28 16:07:00.000	40	26	65.0
